{
  "history": {
    "properties": {
      "detectInfo": {
        "properties": {
          "image": {
            "properties": {
              "width": {
                "type": "long"
              },
              "url": {
                "type": "text",
                "fields": {
                  "keyword": {
                    "ignore_above": 256,
                    "type": "keyword"
                  }
                }
              },
              "height": {
                "type": "long"
              }
            }
          },
          "score": {
            "type": "float"
          },
          "tempInfo": {
            "properties": {
              "temp": {
                "type": "float"
              },
              "tempUnit": {
                "type": "long"
              },
              "tempStatus": {
                "type": "long",
                "fields": {
                  "keyword": {
                    "ignore_above": 256,
                    "type": "keyword"
                  }
                }
              }
            }
          },
          "receivedTime": {
            "type": "long"
          },
          "captureDate": {
            "type": "text",
            "fields": {
              "keyword": {
                "ignore_above": 256,
                "type": "keyword"
              }
            }
          },
          "preCaptureDate": {
            "type": "text",
            "fields": {
              "keyword": {
                "ignore_above": 256,
                "type": "keyword"
              }
            }
          },
          "capturedTime": {
            "type": "long"
          },
          "indexFrame": {
            "type": "long"
          },
          "faceInfo": {
            "properties": {
              "trackId": {
                "type": "long",
                "fields": {
                  "keyword": {
                    "ignore_above": 256,
                    "type": "keyword"
                  }
                }
              },
              "start": {
                "properties": {
                  "x": {
                    "type": "long"
                  },
                  "y": {
                    "type": "long"
                  }
                }
              },
              "portraitImageInfo": {
                "properties": {
                  "start": {
                    "properties": {
                      "x": {
                        "type": "long"
                      },
                      "y": {
                        "type": "long"
                      }
                    }
                  },
                  "end": {
                    "properties": {
                      "x": {
                        "type": "long"
                      },
                      "y": {
                        "type": "long"
                      }
                    }
                  },
                  "url": {
                    "type": "text",
                    "fields": {
                      "keyword": {
                        "ignore_above": 256,
                        "type": "keyword"
                      }
                    }
                  }
                }
              },
              "end": {
                "properties": {
                  "x": {
                    "type": "long"
                  },
                  "y": {
                    "type": "long"
                  }
                }
              },
              "attribute": {
                "properties": {
                  "age_lower_limit": {
                    "type": "text",
                    "fields": {
                      "keyword": {
                        "ignore_above": 256,
                        "type": "keyword"
                      }
                    }
                  },
                  "age_up_limit": {
                    "type": "text",
                    "fields": {
                      "keyword": {
                        "ignore_above": 256,
                        "type": "keyword"
                      }
                    }
                  },
                  "respirator_color": {
                    "type": "text",
                    "fields": {
                      "keyword": {
                        "ignore_above": 256,
                        "type": "keyword"
                      }
                    }
                  },
                  "st_expression": {
                    "type": "text",
                    "fields": {
                      "keyword": {
                        "ignore_above": 256,
                        "type": "keyword"
                      }
                    }
                  },
                  "st_mouth": {
                    "type": "text",
                    "fields": {
                      "keyword": {
                        "ignore_above": 256,
                        "type": "keyword"
                      }
                    }
                  },
                  "ethic_code": {
                    "type": "text",
                    "fields": {
                      "keyword": {
                        "ignore_above": 256,
                        "type": "keyword"
                      }
                    }
                  },
                  "skin_color": {
                    "type": "text",
                    "fields": {
                      "keyword": {
                        "ignore_above": 256,
                        "type": "keyword"
                      }
                    }
                  },
                  "st_age_value": {
                    "type": "text",
                    "fields": {
                      "keyword": {
                        "ignore_above": 256,
                        "type": "keyword"
                      }
                    }
                  },
                  "gender_code": {
                    "type": "text",
                    "fields": {
                      "keyword": {
                        "ignore_above": 256,
                        "type": "keyword"
                      }
                    }
                  },
                  "glasses_style": {
                    "type": "text",
                    "fields": {
                      "keyword": {
                        "ignore_above": 256,
                        "type": "keyword"
                      }
                    }
                  },
                  "st_helmet_style": {
                    "type": "text",
                    "fields": {
                      "keyword": {
                        "ignore_above": 256,
                        "type": "keyword"
                      }
                    }
                  },
                  "st_age": {
                    "type": "text",
                    "fields": {
                      "keyword": {
                        "ignore_above": 256,
                        "type": "keyword"
                      }
                    }
                  },
                  "cap_style": {
                    "type": "text",
                    "fields": {
                      "keyword": {
                        "ignore_above": 256,
                        "type": "keyword"
                      }
                    }
                  },
                  "st_smile": {
                    "type": "text",
                    "fields": {
                      "keyword": {
                        "ignore_above": 256,
                        "type": "keyword"
                      }
                    }
                  },
                  "mustache_style": {
                    "type": "text",
                    "fields": {
                      "keyword": {
                        "ignore_above": 256,
                        "type": "keyword"
                      }
                    }
                  },
                  "st_eye": {
                    "type": "text",
                    "fields": {
                      "keyword": {
                        "ignore_above": 256,
                        "type": "keyword"
                      }
                    }
                  }
                }
              },
              "angleInfo": {
                "properties": {
                  "roll": {
                    "type": "float"
                  },
                  "pitch": {
                    "type": "float"
                  },
                  "yaw": {
                    "type": "float"
                  }
                }
              },
              "quality": {
                "type": "float"
              }
            }
          },
          "featureId": {
            "type": "text",
            "fields": {
              "keyword": {
                "ignore_above": 256,
                "type": "keyword"
              }
            }
          },
          "feature": {
            "type": "text"
          }
        }
      },
      "serialNumber": {
        "type": "text",
        "fields": {
          "keyword": {
            "ignore_above": 256,
            "type": "keyword"
          }
        }
      },
      "sourceType": {
        "type": "long",
        "fields": {
          "keyword": {
            "ignore_above": 256,
            "type": "keyword"
          }
        }
      },
      "objectId": {
        "type": "text",
        "fields": {
          "keyword": {
            "ignore_above": 256,
            "type": "keyword"
          }
        }
      },
      "targetInfo": {
        "properties": {
          "library": {
            "properties": {
              "libId": {
                "type": "text",
                "fields": {
                  "keyword": {
                    "ignore_above": 256,
                    "type": "keyword"
                  }
                }
              },
              "createTime": {
                "type": "long"
              },
              "libraryId": {
                "type": "long"
              },
              "name": {
                "type": "text",
                "analyzer": "ik_smart"
              },
              "libImportType": {
                "type": "text",
                "fields": {
                  "keyword": {
                    "ignore_above": 256,
                    "type": "keyword"
                  }
                }
              },
              "state": {
                "type": "long"
              },
              "type": {
                "type": "long"
              },
              "featureDbId": {
                "type": "text",
                "fields": {
                  "keyword": {
                    "ignore_above": 256,
                    "type": "keyword"
                  }
                }
              }
            }
          },
          "targetImage": {
            "properties": {
              "picMd5": {
                "type": "text",
                "fields": {
                  "keyword": {
                    "ignore_above": 256,
                    "type": "keyword"
                  }
                }
              },
              "picUrl": {
                "type": "text",
                "fields": {
                  "keyword": {
                    "ignore_above": 256,
                    "type": "keyword"
                  }
                }
              },
              "featureState": {
                "type": "long"
              },
              "imageId": {
                "type": "long"
              },
              "targetId": {
                "type": "long"
              }
            }
          },
          "target": {
            "properties": {
              "aliasName": {
                "type": "text",
                "fields": {
                  "keyword": {
                    "ignore_above": 256,
                    "type": "keyword"
                  }
                }
              },
              "address": {
                "type": "text",
                "fields": {
                  "keyword": {
                    "ignore_above": 256,
                    "type": "keyword"
                  }
                }
              },
              "gender": {
                "type": "long"
              },
              "targetId": {
                "type": "text",
                "fields": {
                  "keyword": {
                    "ignore_above": 256,
                    "type": "keyword"
                  }
                }
              },
              "activeState": {
                "type": "long"
              },
              "dept": {
                "type": "text",
                "analyzer": "ik_smart"
              },
              "create_by": {
                "type": "long"
              },
              "createTime": {
                "type": "long"
              },
              "identityType": {
                "type": "text",
                "fields": {
                  "keyword": {
                    "ignore_above": 256,
                    "type": "keyword"
                  }
                }
              },
              "phone": {
                "type": "text",
                "fields": {
                  "keyword": {
                    "ignore_above": 256,
                    "type": "keyword"
                  }
                }
              },
              "expirationTime": {
                "type": "long"
              },
              "identity": {
                "type": "text",
                "fields": {
                  "keyword": {
                    "ignore_above": 256,
                    "type": "keyword"
                  }
                }
              },
              "name": {
                "type": "keyword"
              },
              "company": {
                "type": "text",
                "fields": {
                  "keyword": {
                    "ignore_above": 256,
                    "type": "keyword"
                  }
                }
              },
              "activationTime": {
                "type": "long"
              },
              "update_by": {
                "type": "long"
              },
              "age": {
                "type": "long"
              }
            }
          }
        }
      },
      "comparedType": {
        "type": "long"
      },
      "confirmationInfo": {
        "properties": {
          "operatorInfo": {
            "properties": {
              "departmentName": {
                "type": "text",
                "analyzer": "ik_smart"
              },
              "phone": {
                "type": "text",
                "fields": {
                  "keyword": {
                    "ignore_above": 256,
                    "type": "keyword"
                  }
                }
              },
              "departmentId": {
                "type": "text",
                "fields": {
                  "keyword": {
                    "ignore_above": 256,
                    "type": "keyword"
                  }
                }
              },
              "name": {
                "type": "keyword"
              },
              "id": {
                "type": "text",
                "fields": {
                  "keyword": {
                    "ignore_above": 256,
                    "type": "keyword"
                  }
                }
              },
              "userName": {
                "type": "text",
                "fields": {
                  "keyword": {
                    "ignore_above": 256,
                    "type": "keyword"
                  }
                }
              }
            }
          },
          "confirmationStatus": {
            "type": "long"
          }
        }
      },
      "description": {
        "type": "text",
        "fields": {
          "keyword": {
            "ignore_above": 256,
            "type": "keyword"
          }
        }
      },
      "trackEvent": {
        "properties": {
          "descriptor": {
            "type": "text",
            "fields": {
              "keyword": {
                "ignore_above": 256,
                "type": "keyword"
              }
            }
          },
          "eventNum": {
            "type": "long"
          }
        }
      },
      "taskInfo": {
        "properties": {
          "task": {
            "properties": {
              "taskType": {
                "type": "long"
              },
              "remark": {
                "type": "text",
                "fields": {
                  "keyword": {
                    "ignore_above": 256,
                    "type": "keyword"
                  }
                }
              },
              "taskName": {
                "type": "text",
                "fields": {
                  "keyword": {
                    "ignore_above": 256,
                    "type": "keyword"
                  }
                }
              },
              "threshold": {
                "type": "float"
              },
              "platformTaskId": {
                "type": "text",
                "fields": {
                  "keyword": {
                    "ignore_above": 256,
                    "type": "keyword"
                  }
                }
              },
              "deviceId": {
                "type": "long"
              },
              "runStatus": {
                "type": "long"
              },
              "taskId": {
                "type": "long"
              }
            }
          },
          "hotRegion": {
            "properties": {
              "minHeight": {
                "type": "long"
              },
              "maxHeight": {
                "type": "long"
              },
              "hotRegionPoints": {
                "type": "text",
                "fields": {
                  "keyword": {
                    "ignore_above": 256,
                    "type": "keyword"
                  }
                }
              },
              "minWidth": {
                "type": "long"
              },
              "hotRegionId": {
                "type": "long"
              },
              "taskId": {
                "type": "long"
              },
              "maxWidth": {
                "type": "long"
              }
            }
          },
          "taskGroup": {
            "properties": {
              "taskGroupName": {
                "type": "text",
                "fields": {
                  "keyword": {
                    "ignore_above": 256,
                    "type": "keyword"
                  }
                }
              },
              "taskGroupId": {
                "type": "long"
              }
            }
          }
        }
      },
      "deviceInfo": {
        "properties": {
          "device": {
            "properties": {
              "accessState": {
                "type": "long"
              },
              "deviceType": {
                "type": "long"
              },
              "codeType": {
                "type": "long"
              },
              "rtspAddress": {
                "type": "text",
                "fields": {
                  "keyword": {
                    "ignore_above": 256,
                    "type": "keyword"
                  }
                }
              },
              "groupId": {
                "type": "long"
              },
              "updateTime": {
                "type": "long"
              },
              "protocolType": {
                "type": "text",
                "fields": {
                  "keyword": {
                    "ignore_above": 256,
                    "type": "keyword"
                  }
                }
              },
              "deviceId": {
                "type": "long"
              },
              "deviceName": {
                "type": "text",
                "analyzer": "ik_smart"
              },
              "point": {
                "type": "text",
                "fields": {
                  "keyword": {
                    "ignore_above": 256,
                    "type": "keyword"
                  }
                }
              },
              "latitudeLongitude": {
                "type": "text",
                "fields": {
                  "keyword": {
                    "ignore_above": 256,
                    "type": "keyword"
                  }
                }
              },
              "nebulaVersion": {
                "type": "text",
                "fields": {
                  "keyword": {
                    "ignore_above": 256,
                    "type": "keyword"
                  }
                }
              },
              "captureStrategy": {
                "type": "text",
                "fields": {
                  "keyword": {
                    "ignore_above": 256,
                    "type": "keyword"
                  }
                }
              },
              "threshold": {
                "type": "text",
                "fields": {
                  "keyword": {
                    "ignore_above": 256,
                    "type": "keyword"
                  }
                }
              },
              "disableAnalysis": {
                "type": "text",
                "fields": {
                  "keyword": {
                    "ignore_above": 256,
                    "type": "keyword"
                  }
                }
              },
              "url": {
                "type": "text",
                "fields": {
                  "keyword": {
                    "ignore_above": 256,
                    "type": "keyword"
                  }
                }
              },
              "deviceCameraIdx": {
                "type": "long",
                "fields": {
                  "keyword": {
                    "ignore_above": 256,
                    "type": "keyword"
                  }
                }
              },
              "floorId": {
                "type": "long"
              },
              "videoPath": {
                "type": "text",
                "fields": {
                  "keyword": {
                    "ignore_above": 256,
                    "type": "keyword"
                  }
                }
              },
              "createBy": {
                "type": "long"
              },
              "streamType": {
                "type": "text",
                "fields": {
                  "keyword": {
                    "ignore_above": 256,
                    "type": "keyword"
                  }
                }
              },
              "createTime": {
                "type": "long"
              },
              "updateBy": {
                "type": "long"
              },
              "deviceRegionId": {
                "type": "long",
                "fields": {
                  "keyword": {
                    "ignore_above": 256,
                    "type": "keyword"
                  }
                }
              },
              "floorName": {
                "type": "text",
                "fields": {
                  "keyword": {
                    "ignore_above": 256,
                    "type": "keyword"
                  }
                }
              },
              "state": {
                "type": "long"
              },
              "subDevice": {
                "properties": {
                  "accessState": {
                    "type": "long"
                  },
                  "deviceType": {
                    "type": "long"
                  },
                  "codeType": {
                    "type": "long"
                  },
                  "rtspAddress": {
                    "type": "text",
                    "fields": {
                      "keyword": {
                        "ignore_above": 256,
                        "type": "keyword"
                      }
                    }
                  },
                  "groupId": {
                    "type": "long"
                  },
                  "updateTime": {
                    "type": "long"
                  },
                  "protocolType": {
                    "type": "text",
                    "fields": {
                      "keyword": {
                        "ignore_above": 256,
                        "type": "keyword"
                      }
                    }
                  },
                  "deviceId": {
                    "type": "long"
                  },
                  "deviceName": {
                    "type": "text",
                    "analyzer": "ik_smart"
                  },
                  "point": {
                    "type": "text",
                    "fields": {
                      "keyword": {
                        "ignore_above": 256,
                        "type": "keyword"
                      }
                    }
                  },
                  "latitudeLongitude": {
                    "type": "text",
                    "fields": {
                      "keyword": {
                        "ignore_above": 256,
                        "type": "keyword"
                      }
                    }
                  },
                  "nebulaVersion": {
                    "type": "text",
                    "fields": {
                      "keyword": {
                        "ignore_above": 256,
                        "type": "keyword"
                      }
                    }
                  },
                  "captureStrategy": {
                    "type": "text",
                    "fields": {
                      "keyword": {
                        "ignore_above": 256,
                        "type": "keyword"
                      }
                    }
                  },
                  "threshold": {
                    "type": "text",
                    "fields": {
                      "keyword": {
                        "ignore_above": 256,
                        "type": "keyword"
                      }
                    }
                  },
                  "disableAnalysis": {
                    "type": "text",
                    "fields": {
                      "keyword": {
                        "ignore_above": 256,
                        "type": "keyword"
                      }
                    }
                  },
                  "url": {
                    "type": "text",
                    "fields": {
                      "keyword": {
                        "ignore_above": 256,
                        "type": "keyword"
                      }
                    }
                  },
                  "deviceCameraIdx": {
                    "type": "long",
                    "fields": {
                      "keyword": {
                        "ignore_above": 256,
                        "type": "keyword"
                      }
                    }
                  },
                  "floorId": {
                    "type": "long"
                  },
                  "videoPath": {
                    "type": "text",
                    "fields": {
                      "keyword": {
                        "ignore_above": 256,
                        "type": "keyword"
                      }
                    }
                  },
                  "createBy": {
                    "type": "long"
                  },
                  "streamType": {
                    "type": "text",
                    "fields": {
                      "keyword": {
                        "ignore_above": 256,
                        "type": "keyword"
                      }
                    }
                  },
                  "createTime": {
                    "type": "long"
                  },
                  "updateBy": {
                    "type": "long"
                  },
                  "deviceRegionId": {
                    "type": "long",
                    "fields": {
                      "keyword": {
                        "ignore_above": 256,
                        "type": "keyword"
                      }
                    }
                  },
                  "floorName": {
                    "type": "text",
                    "fields": {
                      "keyword": {
                        "ignore_above": 256,
                        "type": "keyword"
                      }
                    }
                  },
                  "state": {
                    "type": "long"
                  }
                }
              }
            }
          },
          "deviceGroup": {
            "properties": {
              "createBy": {
                "type": "long"
              },
              "defaultGroup": {
                "type": "long"
              },
              "createTime": {
                "type": "long"
              },
              "updateBy": {
                "type": "long"
              },
              "grade": {
                "type": "long"
              },
              "groupId": {
                "type": "long"
              },
              "name": {
                "type": "text",
                "analyzer": "ik_smart"
              },
              "updateTime": {
                "type": "long"
              },
              "state": {
                "type": "long"
              },
              "priority": {
                "type": "long"
              },
              "parentId": {
                "type": "long"
              },
              "treePath": {
                "type": "text",
                "fields": {
                  "keyword": {
                    "ignore_above": 256,
                    "type": "keyword"
                  }
                }
              }
            }
          }
        }
      }
    }
  }
}