<?xml version="1.0" encoding="UTF-8"?>
<configuration debug="false">
    <!--定义日志文件的存储地址 勿在 LogBack 的配置中使用相对路径-->
    <!--<property name="LOG_HOME" value="/home"/>-->
    <!-- 控制台输出 -->
    <appender name="STDOUT" class="ch.qos.logback.core.ConsoleAppender">
        <encoder class="ch.qos.logback.classic.encoder.PatternLayoutEncoder">
            <!--格式化输出：%d表示日期，%thread表示线程名，%-5level：级别从左显示5个字符宽度%msg：日志消息，%n是换行符-->
            <!--<pattern>%d{yyyy-MM-dd HH:mm:ss.SSS} [%thread] %-5level %logger{50} - %msg%n</pattern>-->
            <pattern><![CDATA[%date{yyyy-MM-dd HH:mm:ss.SSS}[%level][%t]-%logger.%M:%m%n%xEx]]></pattern>
        </encoder>
    </appender>

    <!-- 日志输出级别 -->
    <root>
        <level value="${logging.level.root:INFO}" />
        <appender-ref ref="STDOUT" />
    </root>
</configuration>