{
  "type": "FeatureCollection",
  "features": [
    {
      "type": "Feature",
      "geometry": {
        "type": "Polygon",
        "coordinates": [
          [[158,518],[99,516],[109,282],[302,289],[296,426],[315,464],[260,522],[244,511],[205,507],[198,484],[181,495]]
        ]
      },
      "properties": {
        "groupID": "g01",
        "popupContent": "望湘园",
        "cameraList": ["02", "03", "06"]
      }
    },
    {
      "type": "Feature",
      "geometry": {
        "type": "Polygon",
        "coordinates": [
          [[488.75,282.25],[480.75,398],[497.75,424],[555.75,382.5],[561,286.5]]
        ]
      },
      "properties": {
        "groupID": "g02",
        "popupContent": "Fairwhale",
        "cameraList": [1, 2]
      }
    },
    {
      "type": "Feature",
      "geometry": {
        "type": "Polygon",
        "coordinates": [
          [[969,930.25],[1029.75,935.5],[1031.25,945.25],[1082,946.75],[1125.75,949],[1127.25,934.5],[1177.75,937.25],[1180.5,885.5],[1205,885.75],[1208,848.5],[1192.5,848.25],[1174.5,824.25],[1164.25,824.5],[1163.75,812.75],[1155.25,812.5],[1155.75,802],[1152.25,797.25],[979.5,788.25]]
        ]
      },
      "properties": {
        "groupID": "g03",
        "popupContent": "VICUTU",
        "cameraList": [5]
      }
    },
    {
      "type": "Feature",
      "geometry": {
        "type": "Polygon",
        "coordinates": [
          [[288.5,631],[314.5,642],[305.5,664.5],[313.5,674.5],[325,684.5],[346.5,698.5],[363,705],[378.5,707],[390,706.5],[394,697.5],[399,686],[402,675.5],[437.5,687],[454.5,672],[470.5,645],[479.5,624.5],[507,608.5],[446.5,520.5],[429,511],[411.5,500.5],[389.5,496],[357.5,502.5],[339,510],[311.5,532],[295,557.5],[287,580.5],[284,605.5]]
        ]
      },
      "properties": {
        "groupID": "g07",
        "popupContent": "直梯",
        "cameraList": [1, 9, 10]
      }
    },
    {
      "type": "Feature",
      "geometry": {
        "type": "Polygon",
        "coordinates": [
          [[542.5,577.5],[493.5,482.5],[544,426],[576,403.5],[606,387.5],[649.5,374.5],[690.5,371.5],[732.5,369],[800.5,371.5],[883.5,363.5],[885.5,387.5],[898.5,387],[899.5,360.5],[952.5,359],[1021.5,359],[1164,365],[1163.5,392.5],[944.5,396],[947,451.5],[845,468.5],[809.5,477],[742,495],[688.5,513.5],[630.5,533.5]]
        ]
      },
      "properties": {
        "groupID": "g07",
        "popupContent": "空地",
        "cameraList": [1, 9, 10]
      }
    }
  ]
}
