{
		"type": "FeatureCollection",
		"features": [
		{
			"type": "Feature",
			"geometry": {
				"type": "Polygon",
				"coordinates": [
					[
						[510, 580],
						[510, 894],
						[1198, 894],
						[1198, 580]
					]
				]
			},
			"properties": {
				"type": "Point",
				"groupId": "349",
				"cameraList": [],
				"regionId": 349,
				"name": "我去额无群"
			}
		},
		{
			"type": "Feature",
			"geometry": {
				"type": "Polygon",
				"coordinates": [
					[[786,838],[658,686],[790,524],[1152,586],[1210,740],[948,896]]
				]
			},
			"properties": {
				"type": "Point",
				"groupId": "356",
				"cameraList": [],
				"regionId": 356,
				"name": "12如63"
			}
		}
		]
}
