{
  "type": "FeatureCollection",
  "features": [
    {
      "type": "Feature",
      "geometry": {
        "type": "Polygon",
        "coordinates": [
          [
            [471.09375, 751.94091796875],
            [470.625, 617.87841796875],
            [341.71875, 618.34716796875],
            [317.34375, 645.06591796875],
            [291.09375, 679.75341796875],
            [268.125, 717.25341796875],
            [254.53125, 751.47216796875],
            [471.09375, 751.94091796875]
          ]
        ]
      },
      "properties": {
        "type": "Area",
        "areaID": "19",
        "name": "L3-Node1",
        "cameraList": ["1005"]
      }
    },
    {
      "type": "Feature",
      "geometry": {
        "type": "Polygon",
        "coordinates": [
          [
            [342.65625, 617.87841796875],
            [555.46875, 618.34716796875],
            [568.125, 612.72216796875],
            [575.15625, 601.47216796875],
            [586.875, 573.81591796875],
            [594.84375, 543.81591796875],
            [596.71875, 516.62841796875],
            [523.125, 517.09716796875],
            [502.5, 519.90966796875],
            [479.53125, 523.65966796875],
            [452.8125, 531.15966796875],
            [438.28125, 537.72216796875],
            [409.6875, 558.34716796875],
            [367.03125, 593.97216796875],
            [342.65625, 617.87841796875]
          ]
        ]
      },
      "properties": {
        "type": "Area",
        "areaID": "20",
        "name": "N3-17",
        "cameraList": ["1007"]
      }
    },
    {
      "type": "Feature",
      "geometry": {
        "type": "Polygon",
        "coordinates": [
          [
            [688.125, 517.56591796875],
            [765.46875, 517.56591796875],
            [765.46875, 410.22216796875],
            [724.6875, 414.44091796875],
            [709.21875, 417.25341796875],
            [695.625, 424.75341796875],
            [687.65625, 433.19091796875],
            [688.125, 517.56591796875]
          ]
        ]
      },
      "properties": {
        "type": "Area",
        "areaID": "21",
        "name": "N3-01",
        "cameraList": ["1009"]
      }
    },
    {
      "type": "Feature",
      "geometry": {
        "type": "Polygon",
        "coordinates": [
          [
            [766.40625, 518.03466796875],
            [766.40625, 409.75341796875],
            [780.9375, 409.28466796875],
            [797.8125, 406.47216796875],
            [816.5625, 402.25341796875],
            [831.5625, 397.09716796875],
            [841.40625, 392.87841796875],
            [841.40625, 518.03466796875],
            [766.40625, 518.03466796875]
          ]
        ]
      },
      "properties": {
        "type": "Area",
        "areaID": "22",
        "name": "N3-02",
        "cameraList": ["1014"]
      }
    },
    {
      "type": "Feature",
      "geometry": {
        "type": "Polygon",
        "coordinates": [
          [
            [842.34375, 518.50341796875],
            [842.34375, 391.47216796875],
            [848.90625, 388.19091796875],
            [857.34375, 380.69091796875],
            [864.375, 369.90966796875],
            [870.46875, 357.72216796875],
            [877.03125, 336.62841796875],
            [885.46875, 322.09716796875],
            [896.71875, 313.19091796875],
            [910.78125, 307.56591796875],
            [918.28125, 307.56591796875],
            [917.8125, 437.87841796875],
            [997.03125, 437.87841796875],
            [997.5, 518.50341796875],
            [842.34375, 518.50341796875]
          ]
        ]
      },
      "properties": {
        "type": "Area",
        "areaID": "38",
        "name": "N3-03",
        "cameraList": ["1015"]
      }
    },
    {
      "type": "Feature",
      "geometry": {
        "type": "Polygon",
        "coordinates": [
          [
            [918.75, 307.56591796875],
            [997.5, 307.56591796875],
            [996.5625, 437.40966796875],
            [918.28125, 437.40966796875],
            [918.75, 307.56591796875]
          ]
        ]
      },
      "properties": {
        "type": "Area",
        "areaID": "23",
        "name": "N3-04",
        "cameraList": ["1033"]
      }
    },
    {
      "type": "Feature",
      "geometry": {
        "type": "Polygon",
        "coordinates": [
          [
            [997.96875, 406.47216796875],
            [1073.4375, 406.47216796875],
            [1073.4375, 307.09716796875],
            [998.90625, 307.09716796875],
            [997.96875, 406.47216796875]
          ]
        ]
      },
      "properties": {
        "type": "Area",
        "areaID": "24",
        "name": "N3-05",
        "cameraList": ["1034"]
      }
    },
    {
      "type": "Feature",
      "geometry": {
        "type": "Polygon",
        "coordinates": [
          [
            [1074.375, 406.94091796875],
            [1074.375, 306.62841796875],
            [1150.78125, 307.09716796875],
            [1150.3125, 406.47216796875],
            [1074.375, 406.94091796875]
          ]
        ]
      },
      "properties": {
        "type": "Area",
        "areaID": "25",
        "name": "N3-06",
        "cameraList": ["1038"]
      }
    },
    {
      "type": "Feature",
      "geometry": {
        "type": "Polygon",
        "coordinates": [
          [
            [1150.3125, 406.94091796875],
            [1151.71875, 306.62841796875],
            [1177.96875, 307.56591796875],
            [1193.4375, 310.84716796875],
            [1205.15625, 316.00341796875],
            [1216.875, 326.31591796875],
            [1222.96875, 335.22216796875],
            [1227.1875, 350.22216796875],
            [1227.1875, 406.47216796875],
            [1150.3125, 406.94091796875]
          ]
        ]
      },
      "properties": {
        "type": "Area",
        "areaID": "26",
        "name": "N3-07",
        "cameraList": ["1041"]
      }
    },
    {
      "type": "Feature",
      "geometry": {
        "type": "Polygon",
        "coordinates": [
          [
            [1320.46875, 517.09716796875],
            [1320.46875, 455.69091796875],
            [1413.28125, 455.22216796875],
            [1413.28125, 516.15966796875],
            [1320.46875, 517.09716796875]
          ]
        ]
      },
      "properties": {
        "type": "Area",
        "areaID": "27",
        "name": "N3-08",
        "cameraList": ["1053"]
      }
    },
    {
      "type": "Feature",
      "geometry": {
        "type": "Polygon",
        "coordinates": [
          [
            [1482.65625, 531.62841796875],
            [1483.125, 453.81591796875],
            [1517.8125, 453.81591796875],
            [1517.34375, 532.09716796875],
            [1482.65625, 531.62841796875]
          ]
        ]
      },
      "properties": {
        "type": "Area",
        "areaID": "28",
        "name": "N3-09",
        "cameraList": ["1068"]
      }
    },
    {
      "type": "Feature",
      "geometry": {
        "type": "Polygon",
        "coordinates": [
          [
            [1483.125, 453.31420898437506],
            [1483.59375, 433.62670898437506],
            [1485.234375, 425.42358398437506],
            [1488.984375, 415.34545898437506],
            [1492.265625, 409.48608398437506],
            [1498.125, 403.15795898437506],
            [1505.15625, 398.70483398437506],
            [1510.078125, 396.36108398437506],
            [1518.515625, 396.59545898437506],
            [1517.578125, 453.07983398437506],
            [1483.125, 453.31420898437506]
          ]
        ]
      },
      "properties": {
        "type": "Area",
        "areaID": "29",
        "name": "N3-09A",
        "cameraList": ["1069"]
      }
    },
    {
      "type": "Feature",
      "geometry": {
        "type": "Polygon",
        "coordinates": [
          [
            [1607.8125, 398.97216796875],
            [1608.2812499999998, 171.15966796875],
            [1692.1874999999998, 171.15966796875],
            [1715.625, 174.44091796875],
            [1740, 179.12841796875],
            [1765.3125, 187.09716796875],
            [1788.75, 198.81591796875],
            [1816.40625, 215.69091796875],
            [1852.5, 252.25341796875],
            [1876.875, 295.37841796875],
            [1888.59375, 334.28466796875],
            [1893.75, 354.90966796875],
            [1897.03125, 383.03466796875],
            [1896.5624999999998, 870.5346679687501],
            [1699.21875, 869.59716796875],
            [1698.75, 398.50341796875],
            [1607.8125, 398.97216796875]
          ]
        ]
      },
      "properties": {
        "type": "Area",
        "areaID": "30",
        "name": "N3-10",
        "cameraList": ["1072"]
      }
    },
    {
      "type": "Feature",
      "geometry": {
        "type": "Polygon",
        "coordinates": [
          [
            [1606.40625, 171.62841796875],
            [1605.46875, 261.62841796875],
            [1597.5, 275.69091796875],
            [1581.5625, 291.15966796875],
            [1564.21875, 302.87841796875],
            [1543.59375, 308.97216796875],
            [1530, 311.78466796875],
            [1530.46875, 170.69091796875],
            [1606.40625, 171.62841796875]
          ]
        ]
      },
      "properties": {
        "type": "Area",
        "areaID": "31",
        "name": "N3-11",
        "cameraList": ["1073"]
      }
    },
    {
      "type": "Feature",
      "geometry": {
        "type": "Polygon",
        "coordinates": [
          [
            [1527.65625, 171.62841796875],
            [1377.65625, 171.15966796875],
            [1377.1875, 388.65966796875],
            [1390.3125, 388.65966796875],
            [1404.375, 385.84716796875],
            [1418.90625, 380.69091796875],
            [1433.4375, 370.37841796875],
            [1441.40625, 362.40966796875],
            [1448.90625, 351.15966796875],
            [1454.53125, 338.97216796875],
            [1462.5, 329.59716796875],
            [1475.15625, 322.56591796875],
            [1488.75, 317.40966796875],
            [1506.09375, 314.59716796875],
            [1521.09375, 312.72216796875],
            [1528.125, 312.25341796875],
            [1527.65625, 171.62841796875]
          ]
        ]
      },
      "properties": {
        "type": "Area",
        "areaID": "32",
        "name": "N3-12",
        "cameraList": ["1063"]
      }
    },
    {
      "type": "Feature",
      "geometry": {
        "type": "Polygon",
        "coordinates": [
          [
            [1375.78125, 171.62841796875],
            [1300.3125, 172.09716796875],
            [1300.3125, 333.34716796875],
            [1303.59375, 346.00341796875],
            [1313.90625, 365.22216796875],
            [1326.09375, 376.00341796875],
            [1343.4375, 383.97216796875],
            [1364.0625, 388.19091796875],
            [1375.3125, 388.65966796875],
            [1375.78125, 171.62841796875]
          ]
        ]
      },
      "properties": {
        "type": "Area",
        "areaID": "33",
        "name": "N3-13",
        "cameraList": ["1054"]
      }
    },
    {
      "type": "Feature",
      "geometry": {
        "type": "Polygon",
        "coordinates": [
          [
            [1298.90625, 172.09716796875],
            [1299.375, 316.47216796875],
            [1295.15625, 301.94091796875],
            [1282.96875, 288.81591796875],
            [1267.03125, 278.97216796875],
            [1245, 271.47216796875],
            [1213.125, 262.09716796875],
            [1180.3125, 253.19091796875],
            [1153.125, 244.75341796875],
            [1134.84375, 232.09716796875],
            [1121.25, 215.69091796875],
            [1112.8125, 194.59716796875],
            [1112.34375, 187.09716796875],
            [1112.34375, 171.62841796875],
            [1298.90625, 172.09716796875]
          ]
        ]
      },
      "properties": {
        "type": "Area",
        "areaID": "34",
        "name": "N3-14",
        "cameraList": ["1047"]
      }
    },
    {
      "type": "Feature",
      "geometry": {
        "type": "Polygon",
        "coordinates": [
          [
            [959.53125, 172.09716796875],
            [958.125, 183.81591796875],
            [953.4375, 206.31591796875],
            [945.46875, 223.19091796875],
            [931.40625, 235.37841796875],
            [909.375, 243.34716796875],
            [891.09375, 245.69091796875],
            [870.9375, 247.09716796875],
            [847.5, 251.31591796875],
            [826.875, 257.87841796875],
            [815.15625, 264.90966796875],
            [798.75, 278.50341796875],
            [774.84375, 294.90966796875],
            [762.1875, 302.40966796875],
            [763.125, 171.15966796875],
            [959.53125, 172.09716796875]
          ]
        ]
      },
      "properties": {
        "type": "Area",
        "areaID": "35",
        "name": "N3-15",
        "cameraList": ["1026"]
      }
    },
    {
      "type": "Feature",
      "geometry": {
        "type": "Polygon",
        "coordinates": [
          [
            [761.25, 171.62841796875],
            [640.78125, 171.62841796875],
            [641.25, 384.44091796875],
            [651.5625, 369.90966796875],
            [672.65625, 349.75341796875],
            [690, 337.09716796875],
            [710.625, 327.25341796875],
            [744.84375, 311.78466796875],
            [761.25, 301.94091796875],
            [761.25, 171.62841796875]
          ]
        ]
      },
      "properties": {
        "type": "Area",
        "areaID": "36",
        "name": "N3-16",
        "cameraList": ["1022"]
      }
    },
    {
      "type": "Feature",
      "geometry": {
        "type": "Polygon",
        "coordinates": [
          [
            [1605.2428787280232, 396.1368939417322],
            [1606.237247639067, 261.89709095084856],
            [1598.9452089580805, 272.83514897232794],
            [1590.6588013660507, 283.11029438644493],
            [1577.732005522484, 293.7168961042432],
            [1561.1591903384244, 303.32912891099784],
            [1539.6145305991467, 310.2897112883029],
            [1525.3619095408555, 312.60990541407125],
            [1501.8285119794907, 315.593012147202],
            [1488.901716135924, 317.91320627297034],
            [1475.6434639886763, 322.55359452450705],
            [1466.6941437892842, 327.19398277604375],
            [1460.7279303230225, 331.8343710275805],
            [1454.761716856761, 340.12077861961035],
            [1448.7955033904996, 351.0588366410898],
            [1438.5203579763827, 365.6429140030623],
            [1423.2733680070478, 378.2382535429477],
            [1409.3522032524374, 384.53592331289036],
            [1393.110844372059, 388.1819426533835],
            [1373.5549224548686, 388.8448552607459],
            [1356.6506509671276, 387.1875737423399],
            [1338.420554264662, 382.5471854908032],
            [1324.830845813733, 375.25514680981695],
            [1312.5669625775288, 363.32271987729393],
            [1304.9434675928615, 349.4015551226838],
            [1299.9716230376434, 333.1601962423053],
            [1298.6457978229187, 312.94136171775244],
            [1296.6570600008315, 305.6493230367662],
            [1289.3650213198453, 294.37980871160556],
            [1280.0842448167718, 286.4248574232569],
            [1264.8372548474367, 278.13844983122704],
            [1224.0681294946498, 265.5431102913417],
            [1185.6191982676314, 254.60505226986228],
            [1157.1139561510488, 245.98718837415123],
            [1145.1815292185258, 240.35243121157092],
            [1130.597451856553, 228.4200042790479],
            [1119.990850138755, 213.83592691707537],
            [1114.3560929761745, 200.24621846614642],
            [1112.3673551540874, 189.6396167483482],
            [1111.704442546725, 172.4038889569261],
            [959.8974554607382, 172.40388895692615],
            [957.9087176386511, 187.98233522994227],
            [954.2626982981578, 204.22369411032076],
            [946.9706596171716, 220.4650529906993],
            [937.3584268104171, 230.74019840481634],
            [924.1001746631692, 238.3636933894838],
            [910.8419225159215, 242.67262533733933],
            [892.2803695097746, 245.6557320704701],
            [874.7131854146713, 246.98155728519487],
            [854.8258071937997, 250.627576625688],
            [832.2867785434785, 256.5937900919495],
            [821.3487205219991, 261.2341783434862],
            [811.4050314115633, 268.5262170244725],
            [798.4782355679966, 278.8013624385894],
            [772.9561001845448, 296.03709023001153],
            [750.4170715342235, 308.6324297698969],
            [724.5634798470904, 320.8963130061011],
            [701.3615385894068, 332.16582733126165],
            [688.7661990495214, 338.4634971012043],
            [672.1933838654618, 350.72738033740853],
            [653.631830859315, 368.29456443251195],
            [640.7050350157483, 385.8617485276152],
            [625.4580450464134, 416.0242721626039],
            [610.8739676844408, 441.87786384973697],
            [596.2898903224683, 459.113591641159],
            [586.3462012120324, 466.73708662582646],
            [574.7452305831906, 472.3718437884069],
            [552.8691145402319, 479.6638824693932],
            [517.7347463500253, 490.2704841871914],
            [507.45960093590827, 494.24795983136573],
            [492.8755235739357, 501.8714548160332],
            [469.6735823162521, 515.7926195706434],
            [451.77494191746763, 527.7250465031664],
            [438.84814607390103, 537.337279309921],
            [452.7693108285112, 531.7025221473407],
            [468.34775710152735, 526.3992212884416],
            [488.5665916260802, 522.4217456442673],
            [514.0887270095321, 518.1128136964116],
            [536.6277556598534, 517.1184447853682],
            [638.7162971936611, 516.7869884816869],
            [648.9914426077781, 512.4780565338314],
            [656.6149375924456, 507.5062119786134],
            [663.2440636660695, 498.8883480829023],
            [668.8788208286497, 486.95592115037937],
            [677.828141028042, 461.4337857669274],
            [683.7943544943034, 440.220582331331],
            [688.4347427458401, 431.9341747393011],
            [695.0638688194641, 424.973592361996],
            [707.9906646630307, 417.35009737732855],
            [720.586004202916, 414.698446947879],
            [740.8048387274689, 412.37825282211065],
            [766.658430414602, 410.3895150000235],
            [785.2199834207489, 408.40077717793633],
            [815.3825070557375, 402.43456371167485],
            [840.2417298318271, 393.15378720860144],
            [849.1910500312193, 387.51903004602116],
            [855.8201761048433, 381.2213602760785],
            [862.4493021784672, 372.60349638036746],
            [867.4211467336851, 362.99126357361285],
            [870.735709770497, 354.3733996779018],
            [875.0446417183525, 341.4466038343352],
            [879.6850299698892, 331.1714584202182],
            [884.9883308287883, 322.88505082818835],
            [891.9489132060935, 316.5873810582457],
            [901.2296897091669, 310.95262389566534],
            [910.5104662122403, 307.6380608588534],
            [1177.6642469792828, 306.97514825149096],
            [1189.9281302154868, 309.6267986809405],
            [1200.203275629604, 313.2728180214337],
            [1209.4840521326773, 319.2390314876952],
            [1217.439003421026, 326.5310701686814],
            [1223.4052168872875, 335.8118466717549],
            [1227.714148835143, 349.4015551226838],
            [1227.3826925314618, 406.41203935584923],
            [1243.9555077155214, 406.41203935584923],
            [1243.6240514118406, 491.596309401916],
            [1319.8590012585153, 491.5963094019161],
            [1320.1904575621963, 455.1361159969847],
            [1413.329678896612, 454.8046596933035],
            [1413.329678896612, 516.4555321780056],
            [1482.2725900623004, 516.4555321780056],
            [1483.2669589733437, 434.2543688650695],
            [1485.5871530991121, 422.65339823622776],
            [1491.2219102616923, 410.05805869634236],
            [1499.8397741574033, 401.1087384969501],
            [1509.7834632678391, 396.1368939417322],
            [1605.2428787280232, 396.1368939417322]
          ]
        ]
      },
      "properties": {
        "type": "Area",
        "areaID": "37",
        "name": "N3-Walkway",
        "cameraList": ["1020"]
      }
    },
    {
      "type": "Feature",
      "geometry": {
        "type": "Point",
        "coordinates": [250, 700]
      },
      "properties": {
        "cameraID": "1001",
        "number": "",
        "rotation": -0.39
      }
    },
    {
      "type": "Feature",
      "geometry": {
        "type": "Point",
        "coordinates": [350, 600]
      },
      "properties": {
        "cameraID": "1002",
        "number": "12",
        "rotation": -0.78
      }
    },
    {
      "type": "Feature",
      "geometry": {
        "type": "Point",
        "coordinates": [420, 520]
      },
      "properties": {
        "cameraID": "1003",
        "number": "",
        "rotation": -0.78
      }
    },
    {
      "type": "Feature",
      "geometry": {
        "type": "Point",
        "coordinates": [500, 490]
      },
      "properties": {
        "cameraID": "1004",
        "number": "",
        "rotation": -1.19
      }
    },
    {
      "type": "Feature",
      "geometry": {
        "type": "Point",
        "coordinates": [350, 750]
      },
      "properties": {
        "cameraID": "1005",
        "number": "",
        "rotation": 1.57
      }
    },
    {
      "type": "Feature",
      "geometry": {
        "type": "Point",
        "coordinates": [450, 720]
      },
      "properties": {
        "cameraID": "1006",
        "number": "12",
        "rotation": 1.88
      }
    },
    {
      "type": "Feature",
      "geometry": {
        "type": "Point",
        "coordinates": [500, 600]
      },
      "properties": {
        "cameraID": "1007",
        "number": "",
        "rotation": 2.88
      }
    },
    {
      "type": "Feature",
      "geometry": {
        "type": "Point",
        "coordinates": [550, 600]
      },
      "properties": {
        "cameraID": "1008",
        "number": "",
        "rotation": 0.39
      }
    },

    {
      "type": "Feature",
      "geometry": {
        "type": "Point",
        "coordinates": [750, 510]
      },
      "properties": {
        "cameraID": "1009",
        "number": "",
        "rotation": 1.97
      }
    },
    {
      "type": "Feature",
      "geometry": {
        "type": "Point",
        "coordinates": [830, 510]
      },
      "properties": {
        "cameraID": "1010",
        "number": "49",
        "rotation": 1.77
      }
    },
    {
      "type": "Feature",
      "geometry": {
        "type": "Point",
        "coordinates": [850, 510]
      },
      "properties": {
        "cameraID": "1011",
        "number": "",
        "rotation": 0.88
      }
    },

    {
      "type": "Feature",
      "geometry": {
        "type": "Point",
        "coordinates": [680, 440]
      },
      "properties": {
        "cameraID": "1012",
        "number": "",
        "rotation": -0.78
      }
    },
    {
      "type": "Feature",
      "geometry": {
        "type": "Point",
        "coordinates": [750, 440]
      },
      "properties": {
        "cameraID": "1013",
        "number": "",
        "rotation": -1.89
      }
    },
    {
      "type": "Feature",
      "geometry": {
        "type": "Point",
        "coordinates": [780, 440]
      },
      "properties": {
        "cameraID": "1014",
        "number": "",
        "rotation": -0.78
      }
    },
    {
      "type": "Feature",
      "geometry": {
        "type": "Point",
        "coordinates": [850, 440]
      },
      "properties": {
        "cameraID": "1015",
        "number": "",
        "rotation": -1.89
      }
    },

    {
      "type": "Feature",
      "geometry": {
        "type": "Point",
        "coordinates": [650, 380]
      },
      "properties": {
        "cameraID": "1016",
        "number": "",
        "rotation": 0.2
      }
    },
    {
      "type": "Feature",
      "geometry": {
        "type": "Point",
        "coordinates": [730, 360]
      },
      "properties": {
        "cameraID": "1017",
        "number": "",
        "rotation": -2.75
      }
    },
    {
      "type": "Feature",
      "geometry": {
        "type": "Point",
        "coordinates": [880, 350]
      },
      "properties": {
        "cameraID": "1018",
        "number": "",
        "rotation": -3
      }
    },

    {
      "type": "Feature",
      "geometry": {
        "type": "Point",
        "coordinates": [860, 270]
      },
      "properties": {
        "cameraID": "1019",
        "number": "",
        "rotation": -2.88
      }
    },
    {
      "type": "Feature",
      "geometry": {
        "type": "Point",
        "coordinates": [910, 270]
      },
      "properties": {
        "cameraID": "1020",
        "number": "",
        "rotation": 0.3
      }
    },
    {
      "type": "Feature",
      "geometry": {
        "type": "Point",
        "coordinates": [850, 255]
      },
      "properties": {
        "cameraID": "1021",
        "number": "51",
        "rotation": -3
      }
    },

    {
      "type": "Feature",
      "geometry": {
        "type": "Point",
        "coordinates": [650, 240]
      },
      "properties": {
        "cameraID": "1022",
        "number": "",
        "rotation": 0.78
      }
    },
    {
      "type": "Feature",
      "geometry": {
        "type": "Point",
        "coordinates": [650, 180]
      },
      "properties": {
        "cameraID": "1023",
        "number": "",
        "rotation": -0.78
      }
    },

    {
      "type": "Feature",
      "geometry": {
        "type": "Point",
        "coordinates": [750, 240]
      },
      "properties": {
        "cameraID": "1024",
        "number": "",
        "rotation": 2.25
      }
    },
    {
      "type": "Feature",
      "geometry": {
        "type": "Point",
        "coordinates": [770, 240]
      },
      "properties": {
        "cameraID": "1025",
        "number": "",
        "rotation": 0.78
      }
    },
    {
      "type": "Feature",
      "geometry": {
        "type": "Point",
        "coordinates": [830, 240]
      },
      "properties": {
        "cameraID": "1026",
        "number": "",
        "rotation": 2.25
      }
    },
    {
      "type": "Feature",
      "geometry": {
        "type": "Point",
        "coordinates": [780, 180]
      },
      "properties": {
        "cameraID": "1027",
        "number": "",
        "rotation": -0.78
      }
    },
    {
      "type": "Feature",
      "geometry": {
        "type": "Point",
        "coordinates": [910, 175]
      },
      "properties": {
        "cameraID": "1028",
        "number": "",
        "rotation": -2.25
      }
    },
    {
      "type": "Feature",
      "geometry": {
        "type": "Point",
        "coordinates": [910, 370]
      },
      "properties": {
        "cameraID": "1029",
        "number": "27",
        "rotation": -0.78
      }
    },

    {
      "type": "Feature",
      "geometry": {
        "type": "Point",
        "coordinates": [990, 510]
      },
      "properties": {
        "cameraID": "1030",
        "number": "",
        "rotation": 2.25
      }
    },
    {
      "type": "Feature",
      "geometry": {
        "type": "Point",
        "coordinates": [990, 445]
      },
      "properties": {
        "cameraID": "1031",
        "number": "",
        "rotation": -2.25
      }
    },
    {
      "type": "Feature",
      "geometry": {
        "type": "Point",
        "coordinates": [990, 430]
      },
      "properties": {
        "cameraID": "1032",
        "number": "",
        "rotation": 2.25
      }
    },
    {
      "type": "Feature",
      "geometry": {
        "type": "Point",
        "coordinates": [990, 370]
      },
      "properties": {
        "cameraID": "1033",
        "number": "",
        "rotation": -2.25
      }
    },
    {
      "type": "Feature",
      "geometry": {
        "type": "Point",
        "coordinates": [1010, 370]
      },
      "properties": {
        "cameraID": "1034",
        "number": "",
        "rotation": -0.78
      }
    },
    {
      "type": "Feature",
      "geometry": {
        "type": "Point",
        "coordinates": [1070, 400]
      },
      "properties": {
        "cameraID": "1035",
        "number": "97",
        "rotation": 2.25
      }
    },
    {
      "type": "Feature",
      "geometry": {
        "type": "Point",
        "coordinates": [1070, 370]
      },
      "properties": {
        "cameraID": "1036",
        "number": "",
        "rotation": -2.25
      }
    },
    {
      "type": "Feature",
      "geometry": {
        "type": "Point",
        "coordinates": [1140, 400]
      },
      "properties": {
        "cameraID": "1037",
        "number": "",
        "rotation": 2.25
      }
    },
    {
      "type": "Feature",
      "geometry": {
        "type": "Point",
        "coordinates": [1080, 340]
      },
      "properties": {
        "cameraID": "1038",
        "number": "",
        "rotation": -0.78
      }
    },
    {
      "type": "Feature",
      "geometry": {
        "type": "Point",
        "coordinates": [1140, 340]
      },
      "properties": {
        "cameraID": "1039",
        "number": "",
        "rotation": -2.25
      }
    },
    {
      "type": "Feature",
      "geometry": {
        "type": "Point",
        "coordinates": [1040, 255]
      },
      "properties": {
        "cameraID": "1040",
        "number": "32",
        "rotation": -1.57
      }
    },

    {
      "type": "Feature",
      "geometry": {
        "type": "Point",
        "coordinates": [1160, 370]
      },
      "properties": {
        "cameraID": "1041",
        "number": "",
        "rotation": -0.78
      }
    },
    {
      "type": "Feature",
      "geometry": {
        "type": "Point",
        "coordinates": [1220, 400]
      },
      "properties": {
        "cameraID": "1042",
        "number": "55",
        "rotation": 2.25
      }
    },
    {
      "type": "Feature",
      "geometry": {
        "type": "Point",
        "coordinates": [1220, 370]
      },
      "properties": {
        "cameraID": "1043",
        "number": "",
        "rotation": -2.25
      }
    },
    {
      "type": "Feature",
      "geometry": {
        "type": "Point",
        "coordinates": [1190, 280]
      },
      "properties": {
        "cameraID": "1044",
        "number": "",
        "rotation": 3.0
      }
    },
    {
      "type": "Feature",
      "geometry": {
        "type": "Point",
        "coordinates": [1200, 279]
      },
      "properties": {
        "cameraID": "1045",
        "number": "",
        "rotation": -0.5
      }
    },
    {
      "type": "Feature",
      "geometry": {
        "type": "Point",
        "coordinates": [1180, 245]
      },
      "properties": {
        "cameraID": "1046",
        "number": "",
        "rotation": 0.78
      }
    },
    {
      "type": "Feature",
      "geometry": {
        "type": "Point",
        "coordinates": [1235, 245]
      },
      "properties": {
        "cameraID": "1047",
        "number": "",
        "rotation": 2.25
      }
    },
    {
      "type": "Feature",
      "geometry": {
        "type": "Point",
        "coordinates": [1180, 180]
      },
      "properties": {
        "cameraID": "1048",
        "number": "",
        "rotation": -0.78
      }
    },

    {
      "type": "Feature",
      "geometry": {
        "type": "Point",
        "coordinates": [1260, 480]
      },
      "properties": {
        "cameraID": "1049",
        "number": "",
        "rotation": 1.4
      }
    },
    {
      "type": "Feature",
      "geometry": {
        "type": "Point",
        "coordinates": [1300, 420]
      },
      "properties": {
        "cameraID": "1050",
        "number": "",
        "rotation": -3.0
      }
    },
    {
      "type": "Feature",
      "geometry": {
        "type": "Point",
        "coordinates": [1300, 410]
      },
      "properties": {
        "cameraID": "1051",
        "number": "",
        "rotation": 2.5
      }
    },
    {
      "type": "Feature",
      "geometry": {
        "type": "Point",
        "coordinates": [1315, 410]
      },
      "properties": {
        "cameraID": "1052",
        "number": "",
        "rotation": 0.78
      }
    },
    {
      "type": "Feature",
      "geometry": {
        "type": "Point",
        "coordinates": [1330, 460]
      },
      "properties": {
        "cameraID": "1053",
        "number": "",
        "rotation": -0.78
      }
    },
    {
      "type": "Feature",
      "geometry": {
        "type": "Point",
        "coordinates": [1310, 255]
      },
      "properties": {
        "cameraID": "1054",
        "number": "",
        "rotation": -0.78
      }
    },
    {
      "type": "Feature",
      "geometry": {
        "type": "Point",
        "coordinates": [1370, 320]
      },
      "properties": {
        "cameraID": "1055",
        "number": "44",
        "rotation": 2.25
      }
    },
    {
      "type": "Feature",
      "geometry": {
        "type": "Point",
        "coordinates": [1370, 255]
      },
      "properties": {
        "cameraID": "1056",
        "number": "",
        "rotation": -2.25
      }
    },
    {
      "type": "Feature",
      "geometry": {
        "type": "Point",
        "coordinates": [1340, 180]
      },
      "properties": {
        "cameraID": "1057",
        "number": "",
        "rotation": -2.25
      }
    },

    {
      "type": "Feature",
      "geometry": {
        "type": "Point",
        "coordinates": [1380, 180]
      },
      "properties": {
        "cameraID": "1058",
        "number": "",
        "rotation": -0.78
      }
    },
    {
      "type": "Feature",
      "geometry": {
        "type": "Point",
        "coordinates": [1510, 180]
      },
      "properties": {
        "cameraID": "1060",
        "number": "",
        "rotation": -2.25
      }
    },
    {
      "type": "Feature",
      "geometry": {
        "type": "Point",
        "coordinates": [1520, 200]
      },
      "properties": {
        "cameraID": "1061",
        "number": "",
        "rotation": -0.9
      }
    },
    {
      "type": "Feature",
      "geometry": {
        "type": "Point",
        "coordinates": [1520, 240]
      },
      "properties": {
        "cameraID": "1062",
        "number": "",
        "rotation": 0.78
      }
    },
    {
      "type": "Feature",
      "geometry": {
        "type": "Point",
        "coordinates": [1510, 240]
      },
      "properties": {
        "cameraID": "1063",
        "number": "56",
        "rotation": 2.25
      }
    },
    {
      "type": "Feature",
      "geometry": {
        "type": "Point",
        "coordinates": [1600, 240]
      },
      "properties": {
        "cameraID": "1064",
        "number": "",
        "rotation": 2.25
      }
    },
    {
      "type": "Feature",
      "geometry": {
        "type": "Point",
        "coordinates": [1410, 510]
      },
      "properties": {
        "cameraID": "1065",
        "number": "",
        "rotation": 2.25
      }
    },
    {
      "type": "Feature",
      "geometry": {
        "type": "Point",
        "coordinates": [1410, 450]
      },
      "properties": {
        "cameraID": "1066",
        "number": "99",
        "rotation": -2.25
      }
    },
    {
      "type": "Feature",
      "geometry": {
        "type": "Point",
        "coordinates": [1450, 510]
      },
      "properties": {
        "cameraID": "1067",
        "number": "",
        "rotation": 1.57
      }
    },
    {
      "type": "Feature",
      "geometry": {
        "type": "Point",
        "coordinates": [1510, 480]
      },
      "properties": {
        "cameraID": "1068",
        "number": "",
        "rotation": -1.7
      }
    },
    {
      "type": "Feature",
      "geometry": {
        "type": "Point",
        "coordinates": [1510, 440]
      },
      "properties": {
        "cameraID": "1069",
        "number": "",
        "rotation": -3.14
      }
    },
    {
      "type": "Feature",
      "geometry": {
        "type": "Point",
        "coordinates": [1460, 440]
      },
      "properties": {
        "cameraID": "1070",
        "number": "",
        "rotation": -1.57
      }
    },
    {
      "type": "Feature",
      "geometry": {
        "type": "Point",
        "coordinates": [1460, 340]
      },
      "properties": {
        "cameraID": "1071",
        "number": "",
        "rotation": 0
      }
    },
    {
      "type": "Feature",
      "geometry": {
        "type": "Point",
        "coordinates": [1600, 330]
      },
      "properties": {
        "cameraID": "1072",
        "number": "",
        "rotation": -3.14
      }
    },
    {
      "type": "Feature",
      "geometry": {
        "type": "Point",
        "coordinates": [1570, 300]
      },
      "properties": {
        "cameraID": "1073",
        "number": "",
        "rotation": 2.25
      }
    },
    {
      "type": "Feature",
      "geometry": {
        "type": "Point",
        "coordinates": [382.4999999999998,688.3886718749999]
      },
      "properties": {
        "textID": "19"
      }
    },
    {
      "type": "Feature",
      "geometry": {
        "type": "Point",
        "coordinates": [499.6874999999998,574.0136718749999]
      },
      "properties": {
        "textID": "20"
      }
    },
    {
      "type": "Feature",
      "geometry": {
        "type": "Point",
        "coordinates": [727.5465865802212,471.42408592006836]
      },
      "properties": {
        "textID": "21"
      }
    },
    {
      "type": "Feature",
      "geometry": {
        "type": "Point",
        "coordinates": [804.4444490342581,471.42408592006836]
      },
      "properties": {
        "textID": "22"
      }
    },
    {
      "type": "Feature",
      "geometry": {
        "type": "Point",
        "coordinates": [959.565999157057,381.2679713187837]
      },
      "properties": {
        "textID": "23"
      }
    },
    {
      "type": "Feature",
      "geometry": {
        "type": "Point",
        "coordinates": [1036.463861611094,360.05476788318725]
      },
      "properties": {
        "textID": "24"
      }
    },
    {
      "type": "Feature",
      "geometry": {
        "type": "Point",
        "coordinates": [1111.372986243044,362.0435057052744]
      },
      "properties": {
        "textID": "25"
      }
    },
    {
      "type": "Feature",
      "geometry": {
        "type": "Point",
        "coordinates": [1181.641722623457,358.7289426684624]
      },
      "properties": {
        "textID": "26"
      }
    },
    {
      "type": "Feature",
      "geometry": {
        "type": "Point",
        "coordinates": [1369.2459905070132,487.9969011041282]
      },
      "properties": {
        "textID": "27"
      }
    },
    {
      "type": "Feature",
      "geometry": {
        "type": "Point",
        "coordinates": [1500.5026867647657,497.940590214564]
      },
      "properties": {
        "textID": "28"
      }
    },
    {
      "type": "Feature",
      "geometry": {
        "type": "Point",
        "coordinates": [1503.3200653460558,428.9510680061703]
      },
      "properties": {
        "textID": "29"
      }
    },
    {
      "type": "Feature",
      "geometry": {
        "type": "Point",
        "coordinates": [1787.8753020563609,522.5615787723825]
      },
      "properties": {
        "textID": "30"
      }
    },
    {
      "type": "Feature",
      "geometry": {
        "type": "Point",
        "coordinates": [1567.456860108367,228.13515901807187]
      },
      "properties": {
        "textID": "31"
      }
    },
    {
      "type": "Feature",
      "geometry": {
        "type": "Point",
        "coordinates": [1451.447153819949,250.6741876683931]
      },
      "properties": {
        "textID": "32"
      }
    },
    {
      "type": "Feature",
      "geometry": {
        "type": "Point",
        "coordinates": [1343.3923988198799,279.17942978497587]
      },
      "properties": {
        "textID": "33"
      }
    },
    {
      "type": "Feature",
      "geometry": {
        "type": "Point",
        "coordinates": [1237.9892942492602,216.86564469291133]
      },
      "properties": {
        "textID": "34"
      }
    },
    {
      "type": "Feature",
      "geometry": {
        "type": "Point",
        "coordinates": [848.8595937275381,210.23651861928744]
      },
      "properties": {
        "textID": "35"
      }
    },
    {
      "type": "Feature",
      "geometry": {
        "type": "Point",
        "coordinates": [702.3559075004504,244.7079742021316]
      },
      "properties": {
        "textID": "36"
      }
    },
    {
      "type": "Feature",
      "geometry": {
        "type": "Point",
        "coordinates": [992.8124999999997,257.138671875]
      },
      "properties": {
        "textID": "37"
      }
    },
    {
      "type": "Feature",
      "geometry": {
        "type": "Point",
        "coordinates": [900.5667771018044,457.50292116545825]
      },
      "properties": {
        "textID": "38"
      }
    }
  ]
}
