{
  "type": "FeatureCollection",
  "features": [
    {
      "type": "Feature",
      "geometry": {
        "type": "Polygon",
        "coordinates": [
          [[682,826],[682,990],[1278,990],[1278,826]]
        ]
      },
      "properties": {
        "popupContent": "这是5楼",
        "type": "floor",
        "id": "01"
      }
    },
    {
      "type": "Feature",
      "geometry": {
        "type": "Polygon",
        "coordinates": [
          [[684,634],[684,796],[1274,796],[1274,634]]
        ]
      },
      "properties": {
        "type": "floor",
        "id": "02"
      }
    },
    {
      "type": "Feature",
      "geometry": {
        "type": "Polygon",
        "coordinates": [
          [[684,441],[684,603],[1275,603],[1275,441]]
        ]
      },
      "properties": {
        "type": "floor",
        "id": "03"
      }
    },
    {
      "type": "Feature",
      "geometry": {
        "type": "Polygon",
        "coordinates": [
          [[625,251],[625,408],[1275,408],[1275,251]]
        ]
      },
      "properties": {
        "type": "floor",
        "id": "04"
      }
    },
    {
      "type": "Feature",
      "geometry": {
        "type": "Polygon",
        "coordinates": [
          [[625,57],[625,215],[1275,215],[1275,57]]
        ]
      },
      "properties": {
        "type": "floor",
        "id": "05"
      }
    },
    {
      "type": "Feature",
      "geometry": {
        "type": "Point",
        "coordinates": [1500, 200]
      },
      "properties": {
        "cameraID": "1001",
        "number": "39",
        "rotation": 120
      }
    },
    {
      "type": "Feature",
      "geometry": {
        "type": "Point",
        "coordinates": [1625,472]
      },
      "properties": {
        "textID": "12"
      }
    }
  ]
}
