{
  "object": {
    "portrait_image": {
      "format": "IMAGE_JPEG",
      "url": "video_face/3102,05e23f7be9ec73"
    },
    "object": {
      "type": "OBJECT_FACE",
      "face": {
        "quality": 0.29845333,
        "rectangle": {
          "vertices": [
            {
              "x": 33,
              "y": 40
            },
            {
              "x": 99,
              "y": 120
            }
          ]
        },
        "track_id": 610,
        "angle": {
          "yaw": 24.49364,
          "pitch": 8.5211935,
          "roll": 6.0932393
        },
        "landmarks": [
          {
            "x": 43,
            "y": 52
          },
          {
            "x": 48,
            "y": 52
          },
          {
            "x": 56,
            "y": 55
          },
          {
            "x": 69,
            "y": 54
          },
          {
            "x": 79,
            "y": 51
          },
          {
            "x": 90,
            "y": 52
          },
          {
            "x": 49,
            "y": 65
          },
          {
            "x": 58,
            "y": 65
          },
          {
            "x": 75,
            "y": 65
          },
          {
            "x": 89,
            "y": 64
          },
          {
            "x": 59,
            "y": 88
          },
          {
            "x": 68,
            "y": 91
          },
          {
            "x": 78,
            "y": 86
          },
          {
            "x": 72,
            "y": 99
          },
          {
            "x": 73,
            "y": 104
          },
          {
            "x": 74,
            "y": 109
          },
          {
            "x": 53,
            "y": 65
          },
          {
            "x": 81,
            "y": 65
          },
          {
            "x": 63,
            "y": 84
          },
          {
            "x": 66,
            "y": 104
          },
          {
            "x": 87,
            "y": 103
          }
        ],
        "attributes": [
          {
            "key": "gender_code",
            "value": "female"
          },
          {
            "key": "st_eye",
            "value": "st_close"
          },
          {
            "key": "glasses_style",
            "value": "glasses_style_type_none"
          },
          {
            "key": "age_lower_limit",
            "value": "22.000000"
          },
          {
            "key": "st_mouth",
            "value": "st_close"
          },
          {
            "key": "st_age_value",
            "value": "27.000000"
          },
          {
            "key": "st_attractive",
            "value": "0.935651"
          },
          {
            "key": "st_smile",
            "value": "0.000066"
          },
          {
            "key": "respirator_color",
            "value": "color_type_none"
          },
          {
            "key": "mustache_style",
            "value": "mustache_style_none"
          },
          {
            "key": "age_up_limit",
            "value": "32.000000"
          },
          {
            "key": "st_age",
            "value": "st_adult"
          },
          {
            "key": "skin_color",
            "value": "yellow"
          },
          {
            "key": "st_expression",
            "value": "st_calm"
          }
        ],
        "attributes_with_score": [
          {
            "key": "st_mouth",
            "value": {
              "type": "CLASSIFICATION",
              "category": "ST_CLOSE",
              "value": 1
            }
          },
          {
            "key": "age_up_limit",
            "value": {
              "category": "age_up_limit",
              "value": 32
            }
          },
          {
            "key": "st_smile",
            "value": {
              "category": "st_smile",
              "value": 0.000066
            }
          },
          {
            "key": "st_eye",
            "value": {
              "type": "CLASSIFICATION",
              "category": "ST_CLOSE",
              "value": 1
            }
          },
          {
            "key": "gender_code",
            "value": {
              "type": "CLASSIFICATION",
              "category": "FEMALE",
              "value": 0.995192
            }
          },
          {
            "key": "skin_color",
            "value": {
              "type": "CLASSIFICATION",
              "category": "YELLOW",
              "value": 0.99994
            }
          },
          {
            "key": "st_attractive",
            "value": {
              "category": "st_attractive",
              "value": 0.935651
            }
          },
          {
            "key": "age_lower_limit",
            "value": {
              "category": "age_lower_limit",
              "value": 22
            }
          },
          {
            "key": "mustache_style",
            "value": {
              "type": "CLASSIFICATION",
              "category": "MUSTACHE_STYLE_NONE",
              "value": 0.999918
            }
          },
          {
            "key": "st_expression",
            "value": {
              "type": "CLASSIFICATION",
              "category": "ST_CALM",
              "value": 0.934608
            }
          },
          {
            "key": "glasses_style",
            "value": {
              "type": "CLASSIFICATION",
              "category": "GLASSES_STYLE_TYPE_NONE",
              "value": 0.999602
            }
          },
          {
            "key": "respirator_color",
            "value": {
              "type": "CLASSIFICATION",
              "category": "COLOR_TYPE_NONE",
              "value": 1
            }
          }
        ]
      },
      "portrait_image_location": {
        "panoramic_image_size": {
          "width": 1920,
          "height": 1080
        },
        "portrait_image_in_panoramic": {
          "vertices": [
            {
              "x": 1315,
              "y": 457
            },
            {
              "x": 1447,
              "y": 617
            }
          ]
        },
        "portrait_in_panoramic": {
          "vertices": [
            {
              "x": 1348,
              "y": 497
            },
            {
              "x": 1414,
              "y": 577
            }
          ]
        }
      },
      "object_id": "f4f5bac1-207c-11e9-8bab-0a580af400a8"
    },
    "camera_info": {
      "camera_id": "307",
      "device_id": "307",
      "internal_id": {
        "region_id": 1,
        "camera_idx": 54
      }
    },
    "panoramic_image": {
      "format": "IMAGE_JPEG",
      "url": "video_panoramic/3106,05e23e8bb15414"
    },
    "captured_time": {
      "seconds": 1548405666,
      "nanos": 914782567
    },
    "received_time": {
      "seconds": 1548405666,
      "nanos": 914782567
    },
    "track_event": "END"
  },
  "search_results": [
    {
      "configs": {
        "col_id": "2ca6d094-8e22-44f8-937d-16551848e000",
        "top_k": 1
      },
      "similars": [
        {
          "item": {
            "id": "2ca6d0948e2244f8937d16551848e00100000000006f6e53",
            "seq_id": 7302739,
            "image_id": "GLOBAL/3081,05dba2959210f1",
            "key": "48822123_B"
          },
          "score": 0.42905596,
          "index_id": "2ca6d094-8e22-44f8-937d-16551848e001"
        }
      ]
    },
    {
      "configs": {
        "col_id": "0e958149-732f-4db2-abd8-1d7835d79000",
        "top_k": 1
      },
      "similars": [
        {
          "item": {
            "id": "0e958149732f4db2abd81d7835d7900100000000008def9d",
            "seq_id": 9301917,
            "image_id": "GLOBAL/3078,05e1c8299fd774",
            "key": "123456789_A"
          },
          "score": 0.45558396,
          "index_id": "0e958149-732f-4db2-abd8-1d7835d79001"
        }
      ]
    },
    {
      "configs": {
        "col_id": "2ca6d094-8e22-44f8-937d-16551848e000",
        "top_k": 1
      },
      "similars": [
        {
          "item": {
            "id": "2ca6d0948e2244f8937d16551848e00100000000006f6e53",
            "seq_id": 7302739,
            "image_id": "GLOBAL/3081,05dba2959210f1",
            "key": "48822123_B"
          },
          "score": 0.42905596,
          "index_id": "2ca6d094-8e22-44f8-937d-16551848e001"
        }
      ]
    },
    {
      "configs": {
        "col_id": "bd3c38b6-d275-4766-af21-d88448f8d000",
        "top_k": 1
      }
    }
  ],
  "task_id": "10002019012512362131801"
}